{
  "project_info": {
    "project_number": "195932243324",
    "firebase_url": "https://mobi-com.firebaseio.com",
    "project_id": "mobi-com",
    "storage_bucket": "mobi-com.appspot.com"
  },
  "client": [
    {
      "client_info": {
        "mobilesdk_app_id": "1:195932243324:android:e41916e235f9fc5d",
        "android_client_info": {
          "package_name": "com.mobicomkit.sample"
        }
      },
      "oauth_client": [
        {
          "client_id": "195932243324-6rjod6pq115k9s9aq1dpu1h7khmu9uhh.apps.googleusercontent.com",
          "client_type": 3
        },
        {
          "client_id": "195932243324-5ed1p9k0d2avp7dq0kllqmuuup70h2h1.apps.googleusercontent.com",
          "client_type": 3
        }
      ],
      "api_key": [
        {
          "current_key": "AIzaSyCIPLpD8qMVS7dDaN0MZqUzbB44IpkuA6E"
        }
      ],
      "services": {
        "analytics_service": {
          "status": 1
        },
        "appinvite_service": {
          "status": 1,
          "other_platform_oauth_client": []
        },
        "ads_service": {
          "status": 2
        }
      }
    }
  ],
  "configuration_version": "1"
}