<?xml version="1.0" encoding="UTF-8"?>
<!--
  ~ Copyright (C) 2015 Twitter, Inc.
  ~
  ~ Licensed under the Apache License, Version 2.0 (the "License");
  ~ you may not use this file except in compliance with the License.
  ~ You may obtain a copy of the License at
  ~
  ~      http://www.apache.org/licenses/LICENSE-2.0
  ~
  ~ Unless required by applicable law or agreed to in writing, software
  ~ distributed under the License is distributed on an "AS IS" BASIS,
  ~ WITHOUT WARRANTIES OR CONDITIONS OF ANY KIND, either express or implied.
  ~ See the License for the specific language governing permissions and
  ~ limitations under the License.
  ~
  -->

<lint>
    <issue id="IconMissingDensityFolder" severity="ignore"/>
    <issue id="WrongRegion" severity="ignore" />
    <issue id="StringFormatCount" severity="ignore">
        <ignore path="src/main/res/values/strings.xml"/>
    </issue>
    <issue id="ParcelCreator" severity="error">
        <ignore
            path="src/main/java/com/digits/sdk/android/LoginResultReceiver.java"/>
    </issue>
    <issue id="PrivateResource" severity="ignore">
        <ignore path="src/main/java/com/digits/sdk/android/ContactsActionBarActivity.java"/>
    </issue>
    <issue id="UnusedAttribute" severity="ignore">
        <ignore path="src/main/res/layout/dgts__activity_confirmation.xml"/>
    </issue>
    <issue id="SetTextI18n" severity="ignore">
        <ignore path="src/main/java/com/digits/sdk/android/LetterSpacingEditText.java"/>
    </issue>
</lint>
