{"project_info":{"project_id":"pubchat-123df","project_number":"709361095668","name":"PubChat"},"client":[{"client_info":{"client_id":"android:me.kevingleason.pubnubchat","client_type":1,"android_client_info":{"package_name":"me.kevingleason.pubnubchat"}},"oauth_client":[],"services":{"analytics_service":{"status":1},"cloud_messaging_service":{"status":2,"apns_config":[]},"appinvite_service":{"status":1,"other_platform_oauth_client":[]},"google_signin_service":{"status":1},"ads_service":{"status":1}}}],"ARTIFACT_VERSION":"1"}